accuracy,precision,recall,f1,auc,dataset,model_name,best_tau
0.8964897959183673,0.8964897959183673,1.0,0.9454201101928374,,alpaca,majority_baseline,
0.5588358167386158,0.0,0.0,0.0,,flan,majority_baseline,
0.49980276134122287,0.49980276134122287,1.0,0.6664913203577064,,sharegpt,majority_baseline,
0.888,0.8974358974358975,0.987980331451466,0.9405339805825242,0.5374469952839376,alpaca,pam_threshold,0.1
0.44116418326138424,0.4410656995396848,0.9981060606060606,0.6117829157395763,0.49688897761567835,flan,pam_threshold,0.1
0.49467455621301776,0.49709302325581395,0.9447513812154696,0.6514285714285715,0.5107073765246901,sharegpt,pam_threshold,0.1
0.8964897959183673,0.8964897959183673,1.0,0.9454201101928374,0.5425947937749585,alpaca,log_reg_PAM_QAM_SAM,
0.5588358167386158,0.0,0.0,0.0,0.5031096065312985,flan,log_reg_PAM_QAM_SAM,
0.49270216962524654,0.49130832570905764,0.4238358326756117,0.45508474576271185,0.48790642840959164,sharegpt,log_reg_PAM_QAM_SAM,
