dataset,behavior_label,PAM_norm,QAM_norm,SAM_norm
alpaca,0.0,0.8352766915490558,0.12380220904620094,0.04092109940474317
alpaca,1.0,0.8427193151225817,0.11729205740396004,0.039988627473458244
flan,0.0,0.93400384985592,0.03342565974138889,0.03257049040269109
flan,1.0,0.9345314995568371,0.03313201989215824,0.032336480551004666
sharegpt,0.0,0.6241872054961879,0.06157140702938152,0.3142413874744306
sharegpt,1.0,0.5521033588913082,0.08376694931487537,0.3641296917938164
