dataset,behavior_label,PAM_norm,QAM_norm,SAM_norm
alpaca,0.0,0.8200836163544394,0.137647516953438,0.042268866692122604
alpaca,1.0,0.8398919758035369,0.12071190404949689,0.03939612014696622
flan,0.0,0.9290794172179712,0.03742879200968865,0.033491790772340144
flan,1.0,0.9270309506304394,0.038192880945095216,0.034776168424465397
sharegpt,0.0,0.5889393727757503,0.07890405145222978,0.33215657577201996
sharegpt,1.0,0.5855421534049575,0.08110761284081515,0.33335023375422734
